TITLE,PRICE,SOLD,RATING,FEEDBACK,CONDITION,URL
  Vans New Authentic Era Classic Sneakers Unisex Canvas Shoes,38.75,0,7565,100.0,New without box,https://www.ebay.com/itm/Vans-New-Authentic-Era-Classic-Sneakers-Unisex-Canvas-Shoes/152926574649?var=452690357610&hash=item239b225839:g:AsMAAOSw5JBal0sY:sc:USPSPriorityMailPaddedFlatRateEnvelope!91709!US!-1
Mens Vans Classic Slip On Checker Flame Skate Shoes Sneakers Red Black White,49.95,1,709,98.8,New with box,https://www.ebay.com/itm/Mens-Vans-Classic-Slip-On-Checker-Flame-Skate-Shoes-Sneakers-Red-Black-White/323973666335?var=513039463820&_trkparms=ispr%3D1&hash=item4b6e55d61f:m:m2bA83eSl4bu0POO-fwD--Q&enc=AQAEAAACQBPxNw%2BVj6nta7CKEs3N0qUdx2xaIohQeyIuaY36D7GiA6nIsMrq%2BwMoQVhUGEuS9QE2Vl%2Fn2ieMtw%2FS2585%2FbfNZlZUZ2rkZC6RC4SgozRTcfsH7Fr2ArY8p2oYs9zo1wPZrrmMFdZNOmrz6PjqFWs9gY9J5H7iieDH8UDpPAaR3T8MBrvxn4N%2Faj%2F35cVk7YI2SuwbzVly4JJSsGXylP%2B3%2BGWnMOjhggga3tReRZ1EewqGtnrO0NeHplLdBX5Xj9sPspiXdnMmeo4X7fz4kFcGkMV586T68e2PaR1yyUb7JZpCtN%2FEAERua2dcegJ0rDeXmaScIKoAyMDrrB1rvSGkZBVEgXOgjTI2PuN29gzkntikkFPpysmIcZ%2F4dP8%2BxAagfRxYRzbqF%2FeIWE1Sx%2FUkfye0n7vXY%2FOoSzjcxilLxhskW7LR0LPYoNUbpCfvHBCH7%2FB0fJasgOS9pSpdwvz2Q9%2Bo2cziWYm67jdx27I%2FjsqTcuUrNyvnrzBIJZRCo6%2BfFu3n5HWoa5pGV%2FfubiHYHOCQPnPlzv%2FjrjqDWHqHYgQjwgImsT4jh5FULrx7AfukMyTmrTVGmNZBkbm2o2Q5%2B26cJ%2FWBBMYKNcswU7uDEcasNEvjrHbOVlF5pqMItdyzQcuKi9RW0SyeHpvzl4eDQL2FMAKUNQhoJL6fDMpFJfKq0wA%2Bj0U4T8CjIZkYCk%2FUCk1iyqXusomzRjHM2UnQY9t05EGxI9OnrVPCQIDHqDi2imcYDPTsOpjrZlg%2BrA%3D%3D&checksum=323973666335f64ee27560de45e1aa3ed70d7e03c21d&enc=AQAEAAACQBPxNw%2BVj6nta7CKEs3N0qUdx2xaIohQeyIuaY36D7GiA6nIsMrq%2BwMoQVhUGEuS9QE2Vl%2Fn2ieMtw%2FS2585%2FbfNZlZUZ2rkZC6RC4SgozRTcfsH7Fr2ArY8p2oYs9zo1wPZrrmMFdZNOmrz6PjqFWs9gY9J5H7iieDH8UDpPAaR3T8MBrvxn4N%2Faj%2F35cVk7YI2SuwbzVly4JJSsGXylP%2B3%2BGWnMOjhggga3tReRZ1EewqGtnrO0NeHplLdBX5Xj9sPspiXdnMmeo4X7fz4kFcGkMV586T68e2PaR1yyUb7JZpCtN%2FEAERua2dcegJ0rDeXmaScIKoAyMDrrB1rvSGkZBVEgXOgjTI2PuN29gzkntikkFPpysmIcZ%2F4dP8%2BxAagfRxYRzbqF%2FeIWE1Sx%2FUkfye0n7vXY%2FOoSzjcxilLxhskW7LR0LPYoNUbpCfvHBCH7%2FB0fJasgOS9pSpdwvz2Q9%2Bo2cziWYm67jdx27I%2FjsqTcuUrNyvnrzBIJZRCo6%2BfFu3n5HWoa5pGV%2FfubiHYHOCQPnPlzv%2FjrjqDWHqHYgQjwgImsT4jh5FULrx7AfukMyTmrTVGmNZBkbm2o2Q5%2B26cJ%2FWBBMYKNcswU7uDEcasNEvjrHbOVlF5pqMItdyzQcuKi9RW0SyeHpvzl4eDQL2FMAKUNQhoJL6fDMpFJfKq0wA%2Bj0U4T8CjIZkYCk%2FUCk1iyqXusomzRjHM2UnQY9t05EGxI9OnrVPCQIDHqDi2imcYDPTsOpjrZlg%2BrA%3D%3D&checksum=323973666335f64ee27560de45e1aa3ed70d7e03c21d
VANS CLASSIC AUTHENTIC NEW Sizes 3.5-15 Canvas Free Fast Shipping,49.99,187,5761,99.9,New without box,https://www.ebay.com/itm/VANS-CLASSIC-AUTHENTIC-NEW-Sizes-3-5-15-Canvas-Free-Fast-Shipping/293281854148?epid=1201995201&var=592144541962&_trkparms=ispr%3D1&hash=item4448f5f2c4:g:t04AAOSwIKVdp1Hv:sc:USPSPriorityMailLegalFlatRateEnvelope!91709!US!-1&enc=AQAEAAACQBPxNw%2BVj6nta7CKEs3N0qVoj9Qs7Ddgyf472fJWSgGA6uMWDyVUrIE4HVk4LeAMyYB%2FGI7xQWjuSWFj9cWIBqdquIwrK3L7DPKpF0Ij1yYZwfe%2BQ5kDCj5M32DVwJUdZvHp2PiJWTHSNfHnPcesg5x8E2XxjYOQf3mI%2FpFovMmIaZ1p0g0aVC6vr3ErsWI94hzqa%2FWZBc8vUMaPPSdoAh1mBXqtPO7mYRASkGQolgKoasrJbBMkDkPpIOQKSe4pJsLTK7OxNL1KvGgtIGNBhdLfv1GeEw%2Boe9HkeMKpQKctlBvfpcroCZMiPgLFQcebPFJuhq6YN68FCG7B4xdW9tbTqeNe0K3IIKO7PZJq5maGnSgjGW9hDA3qtj7S6yyrYKXcUnbJwJbKYCpFlEujaQzyIIQ39lTjUY9o%2F%2BaQ6dXvgA2XX4D17OGzdrHDATdk5qSDCXbG2GzfX67t7IEJJQaFSCOe%2FjJwpDwBenpLYq%2BVdkEOaRihQps79bIh%2BeP1cVWfkchMJzjvV2JVHAsKIRilRHBLMLtMlqKIHCJZkPIpOTU1Fo0tsGuZm3r4bDNQKt4p0jsWID4%2F%2B0uZXQQhlA%2BjGHopZwj4JeME%2FSVxUaTy02rXBLJ%2BdeI1QvFek4KmGZmRLwdu38UVrMckeGYTOtYTgV4recJUl5sA7puAf7K8kA7mVJbzI5triIe9XYPdio7nzJ2oP2J2K7f3SrTg3k78hBpVzigo5iz%2F0Jxmt6GSha3rVUv9WbnTQ3UVS6%2FpgA%3D%3D&checksum=293281854148f64ee27560de45e1aa3ed70d7e03c21d&enc=AQAEAAACQBPxNw%2BVj6nta7CKEs3N0qVoj9Qs7Ddgyf472fJWSgGA6uMWDyVUrIE4HVk4LeAMyYB%2FGI7xQWjuSWFj9cWIBqdquIwrK3L7DPKpF0Ij1yYZwfe%2BQ5kDCj5M32DVwJUdZvHp2PiJWTHSNfHnPcesg5x8E2XxjYOQf3mI%2FpFovMmIaZ1p0g0aVC6vr3ErsWI94hzqa%2FWZBc8vUMaPPSdoAh1mBXqtPO7mYRASkGQolgKoasrJbBMkDkPpIOQKSe4pJsLTK7OxNL1KvGgtIGNBhdLfv1GeEw%2Boe9HkeMKpQKctlBvfpcroCZMiPgLFQcebPFJuhq6YN68FCG7B4xdW9tbTqeNe0K3IIKO7PZJq5maGnSgjGW9hDA3qtj7S6yyrYKXcUnbJwJbKYCpFlEujaQzyIIQ39lTjUY9o%2F%2BaQ6dXvgA2XX4D17OGzdrHDATdk5qSDCXbG2GzfX67t7IEJJQaFSCOe%2FjJwpDwBenpLYq%2BVdkEOaRihQps79bIh%2BeP1cVWfkchMJzjvV2JVHAsKIRilRHBLMLtMlqKIHCJZkPIpOTU1Fo0tsGuZm3r4bDNQKt4p0jsWID4%2F%2B0uZXQQhlA%2BjGHopZwj4JeME%2FSVxUaTy02rXBLJ%2BdeI1QvFek4KmGZmRLwdu38UVrMckeGYTOtYTgV4recJUl5sA7puAf7K8kA7mVJbzI5triIe9XYPdio7nzJ2oP2J2K7f3SrTg3k78hBpVzigo5iz%2F0Jxmt6GSha3rVUv9WbnTQ3UVS6%2FpgA%3D%3D&checksum=293281854148f64ee27560de45e1aa3ed70d7e03c21d
New Custom Vans Old Skool Skateboarding Red Rose & Pink Rose Embroidery Patch,0.0,31,446,100.0,New with box,https://www.ebay.com/itm/New-Custom-Vans-Old-Skool-Skateboarding-Red-Rose-Pink-Rose-Embroidery-Patch/163923059439?var=463535249499&_trkparms=ispr%3D1&hash=item262a9362ef:m:m7z640eVHV25n_9rkth6vBA&enc=AQAEAAACQBPxNw%2BVj6nta7CKEs3N0qW6mgxnMBwFKykwV%2FvzEqHGiudFCwEMaQTlrTmH5HyB%2F5pM2rGEY2PBmbdLn8UxgHiPAMP9D%2BhEeMjKKOPvGGh4mdln51IPSuSeliMUOKLjk4Qw%2FvHa67K0ZUtxJBj3OLbw4vuj1S6eUv6cpwv%2FETkL%2Bntf%2B1kgAf2NJMopar9mAqz3opoNF%2FLzKyWiKv51the2HKCMFmdae2OKNVJ%2BaxvqUopAmtcd%2B6s3Aa7zG%2BTqJxtkg7Q2Hh64OP1lwigrFa4%2Bq4pstr%2FAWKg%2FdDpJX74KguTrA2U7HHDxGi6EPqDh5TxaNLdLxP6vAg1OnnAF1VHTrZ%2Bcuo%2F2sVy3pp%2FoeNNi0kZjGMFtFro0kyQ%2F80GfKit43lxK%2FsO%2F2WYf5%2BnwHZgw5EIPeHpzF3HTTy2R9mVFXWupFbdETiCo1N9%2FsJ0UnHn5X1o0H3Lw50yI%2FzUNNuF5UNKnYJBdi%2BCcxzxz2il2RvspVmqTL124tWghcKF9h8J1IDFM4SrOpZRlyFeljMQI2d5mZ6YCF2IPFPJwKwibXSFzcMvJ1VSZuCfI0Y2SCMWDXc1bCrZWjE%2FPvFSU9rMFrHGBqvps3Z1xVi2lCNGvEdquw%2FG93FauCDLJN7Vmco8ctZwvVyniKs2V5AJupnyjE1qolymHfWwBWRRA39HmtTia2NGjlrEymEzhObibHMsXxyb61hnBQ0Uzwa%2FxuJeuDG5Garr46ttCVVXsNztCHSS%2FJ0YoaiEb1CDyNhqh6A%3D%3D&checksum=163923059439f64ee27560de45e1aa3ed70d7e03c21d&enc=AQAEAAACQBPxNw%2BVj6nta7CKEs3N0qW6mgxnMBwFKykwV%2FvzEqHGiudFCwEMaQTlrTmH5HyB%2F5pM2rGEY2PBmbdLn8UxgHiPAMP9D%2BhEeMjKKOPvGGh4mdln51IPSuSeliMUOKLjk4Qw%2FvHa67K0ZUtxJBj3OLbw4vuj1S6eUv6cpwv%2FETkL%2Bntf%2B1kgAf2NJMopar9mAqz3opoNF%2FLzKyWiKv51the2HKCMFmdae2OKNVJ%2BaxvqUopAmtcd%2B6s3Aa7zG%2BTqJxtkg7Q2Hh64OP1lwigrFa4%2Bq4pstr%2FAWKg%2FdDpJX74KguTrA2U7HHDxGi6EPqDh5TxaNLdLxP6vAg1OnnAF1VHTrZ%2Bcuo%2F2sVy3pp%2FoeNNi0kZjGMFtFro0kyQ%2F80GfKit43lxK%2FsO%2F2WYf5%2BnwHZgw5EIPeHpzF3HTTy2R9mVFXWupFbdETiCo1N9%2FsJ0UnHn5X1o0H3Lw50yI%2FzUNNuF5UNKnYJBdi%2BCcxzxz2il2RvspVmqTL124tWghcKF9h8J1IDFM4SrOpZRlyFeljMQI2d5mZ6YCF2IPFPJwKwibXSFzcMvJ1VSZuCfI0Y2SCMWDXc1bCrZWjE%2FPvFSU9rMFrHGBqvps3Z1xVi2lCNGvEdquw%2FG93FauCDLJN7Vmco8ctZwvVyniKs2V5AJupnyjE1qolymHfWwBWRRA39HmtTia2NGjlrEymEzhObibHMsXxyb61hnBQ0Uzwa%2FxuJeuDG5Garr46ttCVVXsNztCHSS%2FJ0YoaiEb1CDyNhqh6A%3D%3D&checksum=163923059439f64ee27560de45e1aa3ed70d7e03c21d
Vans Old Skool Skateboard Classic Black White / Navy Mens Womens Shoes,54.99,151,5761,99.9,New without box,https://www.ebay.com/itm/Vans-Old-Skool-Skateboard-Classic-Black-White-Navy-Mens-Womens-Shoes/303324368348?epid=5028980691&var=602394034100&_trkparms=ispr%3D1&hash=item469f8a8ddc:g:OrMAAOSw-~tdp2Cl:sc:USPSPriorityMailLegalFlatRateEnvelope!91709!US!-1&enc=AQAEAAACQBPxNw%2BVj6nta7CKEs3N0qVnHb%2BJKIG2giBWaCxi0XMgBnkJNkwnxsA%2BDoxBEJ4sh0urH44Q2ceAvPcD%2BEq8ePEuMk6%2FiEvk1brLAFz3SqX8win%2B1ZZNsNUuCb52UK56Yn3BznNVc7WoYfqSDMLB%2FQOi6SBpDC2sowRmRQLm9p%2Bp%2FEmdGvK5Ofzem0nD4dhvSZ4VOGOc%2F8ZSD716Icl%2BavaniUPRXGY7hyjA0xEW377Aa1yrWJbENVIYcVgtm%2Bt0yW2TJnBmr4r9y3mkmu%2Bc%2FoZ7I2Fx1TGE0dXMoreYAEuTa%2BeB6m0noo9%2FSO79U8lJ5glnZsV5MGEIWTBe93Y4EnpuUsa2Dr3LLUVZIVagZ7U%2FL7%2Fd0Vglti%2BoyRjAl1yten6uRoxHEI7a5UtXs8APfFSeiUbqdF6YGRJ%2BeI6gGrwZL2tOOYBmi7nAIE%2FZGDLx%2BQPzlbv4QXjJlUqNVybhRIRnOABD0xQUSS78ndCn9dL9pNYimfi4odzRdpvrKH%2Fad4Ur9hM3gFeWDNfd9GTPrjrYOc%2Bq50Bvb9us%2BdwfMN08yvfBm2M%2FMqt8RUd49McNz8YtbLQ8vl3Kwak6iNARMxO6Pdk%2B0rgSnk6Wg8O3nnUekKyewpJzF50EO5qXLxPfFWSzGz3JqZSgu9T318CLkH1KLFUZxLPJZkgE14bcW6LwVJIVn9sjMXt2uWfHeChB3XQsfGa%2Fb1RiHWpojm%2FO5sKq3M9xoX8437Lk8Fox6IMlkKcvo6BjBNUDz1fV1KOt%2FA%3D%3D&checksum=303324368348f64ee27560de45e1aa3ed70d7e03c21d&enc=AQAEAAACQBPxNw%2BVj6nta7CKEs3N0qVnHb%2BJKIG2giBWaCxi0XMgBnkJNkwnxsA%2BDoxBEJ4sh0urH44Q2ceAvPcD%2BEq8ePEuMk6%2FiEvk1brLAFz3SqX8win%2B1ZZNsNUuCb52UK56Yn3BznNVc7WoYfqSDMLB%2FQOi6SBpDC2sowRmRQLm9p%2Bp%2FEmdGvK5Ofzem0nD4dhvSZ4VOGOc%2F8ZSD716Icl%2BavaniUPRXGY7hyjA0xEW377Aa1yrWJbENVIYcVgtm%2Bt0yW2TJnBmr4r9y3mkmu%2Bc%2FoZ7I2Fx1TGE0dXMoreYAEuTa%2BeB6m0noo9%2FSO79U8lJ5glnZsV5MGEIWTBe93Y4EnpuUsa2Dr3LLUVZIVagZ7U%2FL7%2Fd0Vglti%2BoyRjAl1yten6uRoxHEI7a5UtXs8APfFSeiUbqdF6YGRJ%2BeI6gGrwZL2tOOYBmi7nAIE%2FZGDLx%2BQPzlbv4QXjJlUqNVybhRIRnOABD0xQUSS78ndCn9dL9pNYimfi4odzRdpvrKH%2Fad4Ur9hM3gFeWDNfd9GTPrjrYOc%2Bq50Bvb9us%2BdwfMN08yvfBm2M%2FMqt8RUd49McNz8YtbLQ8vl3Kwak6iNARMxO6Pdk%2B0rgSnk6Wg8O3nnUekKyewpJzF50EO5qXLxPfFWSzGz3JqZSgu9T318CLkH1KLFUZxLPJZkgE14bcW6LwVJIVn9sjMXt2uWfHeChB3XQsfGa%2Fb1RiHWpojm%2FO5sKq3M9xoX8437Lk8Fox6IMlkKcvo6BjBNUDz1fV1KOt%2FA%3D%3D&checksum=303324368348f64ee27560de45e1aa3ed70d7e03c21d
VANS CLASSIC AUTHENTIC NEW  Sizes 4.5-12 Canvas  Free Fast Shipping,47.85,0,14576,99.8,New without box,https://www.ebay.com/itm/VANS-CLASSIC-AUTHENTIC-NEW-Sizes-4-5-12-Canvas-Free-Fast-Shipping/172175727895?var=471010026673&epid=1003613117&hash=item2816791d17:g:wfIAAOSwk1JWfSVX:sc:USPSPriority!91709!US!-1
VANS OLD SKOOL RACING RED/TRUE WHITE/BLACK CANVAS SUEDE SKATE US MEN WOMEN SIZES,59.99,55,73477,99.9,New with box,https://www.ebay.com/itm/VANS-OLD-SKOOL-RACING-RED-TRUE-WHITE-BLACK-CANVAS-SUEDE-SKATE-US-MEN-WOMEN-SIZES/303247402286?var=602238167908&hash=item469af4252e:m:mFuSL5RJUgq6qvNAjSmQ_Bw
VANS OLD SKOOL PRIMARY CHECKERBOARD RACING RED/OFF WHITE CHECK SKATE US MEN SIZE,62.99,93,73477,99.9,New with box,https://www.ebay.com/itm/VANS-OLD-SKOOL-PRIMARY-CHECKERBOARD-RACING-RED-OFF-WHITE-CHECK-SKATE-US-MEN-SIZE/372296852690?var=641126038737&hash=item56ae9f24d2:m:m-QPhRZ2pyanlL1FBj9UwEA
Vans Classic Slip-On - Racing Red/True White - Skate Shoes - Canvas - Men/Women,47.95,30,1570,100.0,New with box,https://www.ebay.com/itm/Vans-Classic-Slip-On-Racing-Red-True-White-Skate-Shoes-Canvas-Men-Women/123934698907?var=424718339410&hash=item1cdb156d9b:m:mveeFZQXCOhBtewEqCOvXIA:sc:USPSPriority!91709!US!-1
Vans Mens High Top Red 13,25.0,0,494,100.0,Pre-owned,https://www.ebay.com/itm/Vans-Mens-High-Top-Red-13/193256796972?hash=item2cff00b32c:g:a58AAOSwR9Nd9Rnn
"Vans ""Checkerboard Era"" Sneakers (Racing Red) Skating Classic Era Vulc Shoes",50.0,11,127944,99.8,New with box,https://www.ebay.com/itm/Vans-Checkerboard-Era-Sneakers-Racing-Red-Skating-Classic-Era-Vulc-Shoes/133203395657?var=432546901581&hash=item1f038a8449:m:mZ2xPJDc3cl86aHkggo1Wbg
Vans Slip-On True Racing Red Canvas Classic Shoes All Size Fast Shipping,38.99,15,2,100.0,New with box,https://www.ebay.com/itm/Vans-Slip-On-True-Racing-Red-Canvas-Classic-Shoes-All-Size-Fast-Shipping/174113946149?var=472989332637&hash=item2889fffa25:m:mSoX8rmBP__9RjfqGgXveFw
Vans Slip-On Pro Skate Shoes Black White Red SZ 9 ( VN0A347V6BT ),44.99,0,18824,100.0,New without box,https://www.ebay.com/itm/Vans-Slip-On-Pro-Skate-Shoes-Black-White-Red-SZ-9-VN0A347V6BT/254458321653?hash=item3b3ee5daf5:g:OigAAOSwXMhd-9ex:sc:USPSPriority!91709!US!-1
"Vans ""Classic Slip-On"" Sneakers (Racing Red/TrueWhite) Men's Skateboarding Shoes",50.0,20,127944,99.8,New with box,https://www.ebay.com/itm/Vans-Classic-Slip-On-Sneakers-Racing-Red-TrueWhite-Mens-Skateboarding-Shoes/163905821303?var=463509700628&hash=item26298c5a77:m:m8iXh0q6a806v0pks4Uky5g
Vans Old Skool CANVAS Formula One RED/WHITE UNISEX SKATEBOARDING SHOE,44.94,3,2388,99.9,New with box,https://www.ebay.com/itm/Vans-Old-Skool-CANVAS-Formula-One-RED-WHITE-UNISEX-SKATEBOARDING-SHOE/143456979502?var=442412753851&_trkparms=ispr%3D1&hash=item2166b3ca2e:m:ml3EYkEhWXJ4SafD1tPnzfQ&enc=AQAEAAACQBPxNw%2BVj6nta7CKEs3N0qXMOAzJGRrROxNI3VhaYLPs79Ebj1jxp0f2W4D4j0zNxiS6kq7zgVy0vNQogwcCtx2WABv%2FD%2FHTMnNklxR7s2fLtRVLIgaKx1xq%2FPnOPypYLcEjW7Az273IOKcNlvRyiIDvZbx8OrWVXjyIOh497KfHW9Jouovk4djKCUr4GfxSDtIoRaeiRFzjU5nVmyHJfn36kg0%2FQfdDHn6BuMFfa57uPcFc2FXqwdJrwy83t1FCHoJygmav%2FOc1OkaQDvoFa9Kh6Jgaqk8tG7a1pc5oUm6Yf46pKhiUdVlJbrRsbSiqevpL7V4FZSFGAd7x4t2DnzC4OkVtZXRTnxZGDdRv07pxkRk7prFgqgVW5x8HAvnbb6Urozvtsg33kHNlrreSWyZPVEy4V%2F44ILT1%2BcS%2BcV63G3umDQsH6zS6vgMZtmeNMcoJs6l2S%2BctnDIco4aXnqu1Z6lFm0yw1HPOn2afblLB9FrhLdrfd9wT9hl0hRjh%2BEoN26ITeaDOPT6jNrZxpEoiQ9sy6BPndNJdCvtiosqiTykC%2FHKXxo8rESeAi4Of8cXUTnXgrqaatafOACmx07owpoc8LHfKSC6Fpe84JOo6EKvcqL8xqTcYoLjPIQgD46HDgBxp6K1Zc3P5kuUtL2EDSL0VDJ4fJf%2BgaY25o7h16QrI3xgxeBUfhsZarUSCYCJjpl8Cse0plTjoRC6VCi4%2BagX9IFvGPUK5H9X%2F7%2Fm%2FlgBdjDOLx70tes6gA1jqtw%3D%3D&checksum=143456979502f64ee27560de45e1aa3ed70d7e03c21d&enc=AQAEAAACQBPxNw%2BVj6nta7CKEs3N0qXMOAzJGRrROxNI3VhaYLPs79Ebj1jxp0f2W4D4j0zNxiS6kq7zgVy0vNQogwcCtx2WABv%2FD%2FHTMnNklxR7s2fLtRVLIgaKx1xq%2FPnOPypYLcEjW7Az273IOKcNlvRyiIDvZbx8OrWVXjyIOh497KfHW9Jouovk4djKCUr4GfxSDtIoRaeiRFzjU5nVmyHJfn36kg0%2FQfdDHn6BuMFfa57uPcFc2FXqwdJrwy83t1FCHoJygmav%2FOc1OkaQDvoFa9Kh6Jgaqk8tG7a1pc5oUm6Yf46pKhiUdVlJbrRsbSiqevpL7V4FZSFGAd7x4t2DnzC4OkVtZXRTnxZGDdRv07pxkRk7prFgqgVW5x8HAvnbb6Urozvtsg33kHNlrreSWyZPVEy4V%2F44ILT1%2BcS%2BcV63G3umDQsH6zS6vgMZtmeNMcoJs6l2S%2BctnDIco4aXnqu1Z6lFm0yw1HPOn2afblLB9FrhLdrfd9wT9hl0hRjh%2BEoN26ITeaDOPT6jNrZxpEoiQ9sy6BPndNJdCvtiosqiTykC%2FHKXxo8rESeAi4Of8cXUTnXgrqaatafOACmx07owpoc8LHfKSC6Fpe84JOo6EKvcqL8xqTcYoLjPIQgD46HDgBxp6K1Zc3P5kuUtL2EDSL0VDJ4fJf%2BgaY25o7h16QrI3xgxeBUfhsZarUSCYCJjpl8Cse0plTjoRC6VCi4%2BagX9IFvGPUK5H9X%2F7%2Fm%2FlgBdjDOLx70tes6gA1jqtw%3D%3D&checksum=143456979502f64ee27560de45e1aa3ed70d7e03c21d
Vans Court Icon Red & Marshmallow White Skate Shoes Mens 9,29.99,0,3205,99.8,New without box,https://www.ebay.com/itm/Vans-Court-Icon-Red-Marshmallow-White-Skate-Shoes-Mens-9/274065271772?_trkparms=ispr%3D1&hash=item3fcf902bdc:g:SMAAAOSwEGVdsNi1&enc=AQAEAAACQBPxNw%2BVj6nta7CKEs3N0qVhKg1c0y73C4v50hwrAiVV7%2Fxs58YLxmrYqxEbrUdS0QCwc%2F9y6VzX64sfT20vC7vny%2F5SIum8AiI8l4HS3gZP%2FvaPXfWlx7Pl28a5sBNdUM470GsxjDCeWJ5U%2ByW0MUL%2F6gmLYzz%2B2wuEbJUfu5ycaNFeWd%2Bm%2BlyLBz1yRipCjVBJsdyUkiCk3b0s%2FS5cNxzGECjFkIjnPSt5QWBUZ8bntlbhycvJTtCZMAWkDBvDfVf%2Bsde1VZFIzOEo2gNbb1fx1YpOEa629AvcVvDe9ug9AoFNGjMev5SV%2BXr%2Bo6ZfwoOJ3OMTIg0q3cjVLDb0Za9XMGLPOecnyt7HVcJVaLicSFgjn5rHeZxB5OjXTM%2FGU3Bm%2FMdaq6enz5T9%2BuAgoxEpP26wZPN5SHUvk7mrvoL7rFVr2DSgeY6GD3or3XVhr6qqH96cYbQCgDCsaDawrKmuiVnQ27Ul1owjStGR51haHwGmDDkOYzAeEP7iofrLdV4DMOJmzkxQ5JmYTak%2FogymhqJG%2FV0tYVWz6aVSlVYv%2BsEj0KeUOHaWvL%2BtpUtS8sjvjdLebV0Lb%2FVWlLdxIqcmo3pB8mP2V3WTHq%2BiFubrQmg4%2FIOEprhRIjuYPAf%2BWMXCf5oucesuLyXsPOt7vg6r%2BLzI5rff3IPk%2FLN91FzIdrCHdWXl978MXdyTe2ogzuQ3UzVGZApTJghE9xkBxC0LHnmAALoQFHv8YaNQQwp9RKDx7W3kG0KVFvNBiLZfKQ%3D%3D&checksum=274065271772f64ee27560de45e1aa3ed70d7e03c21d&enc=AQAEAAACQBPxNw%2BVj6nta7CKEs3N0qVhKg1c0y73C4v50hwrAiVV7%2Fxs58YLxmrYqxEbrUdS0QCwc%2F9y6VzX64sfT20vC7vny%2F5SIum8AiI8l4HS3gZP%2FvaPXfWlx7Pl28a5sBNdUM470GsxjDCeWJ5U%2ByW0MUL%2F6gmLYzz%2B2wuEbJUfu5ycaNFeWd%2Bm%2BlyLBz1yRipCjVBJsdyUkiCk3b0s%2FS5cNxzGECjFkIjnPSt5QWBUZ8bntlbhycvJTtCZMAWkDBvDfVf%2Bsde1VZFIzOEo2gNbb1fx1YpOEa629AvcVvDe9ug9AoFNGjMev5SV%2BXr%2Bo6ZfwoOJ3OMTIg0q3cjVLDb0Za9XMGLPOecnyt7HVcJVaLicSFgjn5rHeZxB5OjXTM%2FGU3Bm%2FMdaq6enz5T9%2BuAgoxEpP26wZPN5SHUvk7mrvoL7rFVr2DSgeY6GD3or3XVhr6qqH96cYbQCgDCsaDawrKmuiVnQ27Ul1owjStGR51haHwGmDDkOYzAeEP7iofrLdV4DMOJmzkxQ5JmYTak%2FogymhqJG%2FV0tYVWz6aVSlVYv%2BsEj0KeUOHaWvL%2BtpUtS8sjvjdLebV0Lb%2FVWlLdxIqcmo3pB8mP2V3WTHq%2BiFubrQmg4%2FIOEprhRIjuYPAf%2BWMXCf5oucesuLyXsPOt7vg6r%2BLzI5rff3IPk%2FLN91FzIdrCHdWXl978MXdyTe2ogzuQ3UzVGZApTJghE9xkBxC0LHnmAALoQFHv8YaNQQwp9RKDx7W3kG0KVFvNBiLZfKQ%3D%3D&checksum=274065271772f64ee27560de45e1aa3ed70d7e03c21d
Vans Sk8-Hi Reissue Japanese Type Black/Red Checkerboard Men 7/ Women 8.5,0.0,0,115,100.0,New without box,https://www.ebay.com/itm/Vans-Sk8-Hi-Reissue-Japanese-Type-Black-Red-Checkerboard-Men-7-Women-8-5/233439185126?epid=2306475350&hash=item365a0f48e6:g:xsEAAOSwA5Rd-5Tj
Vans Old Skool Red Men's size 11 Brand New,39.99,0,48,100.0,New without box,https://www.ebay.com/itm/Vans-Old-Skool-Red-Mens-size-11-Brand-New/333439889798?hash=item4da290f186:g:yZQAAOSwy9Zd9uho
Vans Checkerboard Slip On - Red Size 9.5 Men 11.0 Women,0.0,0,16,100.0,Pre-owned,https://www.ebay.com/itm/Vans-Checkerboard-Slip-On-Red-Size-9-5-Men-11-0-Women/264565939295?hash=item3d995bdc5f:g:mDkAAOSwvMBd894~
Vans Old Skool ( PRIMARY CHECK) RACING RED/WHITE Classic Canvas/Suede Fast ship,56.85,26,14576,99.8,New with box,https://www.ebay.com/itm/Vans-Old-Skool-PRIMARY-CHECK-RACING-RED-WHITE-Classic-Canvas-Suede-Fast-ship/173793099413?var=472470272503&hash=item2876e03e95:m:migd1IVHBWG8ZWxpKh9oPaw:sc:USPSPriority!91709!US!-1
Vans Classic Slip-on Checkerboard Rumba Red / White Skate Shoes,49.5,5,11388,99.8,New without box,https://www.ebay.com/itm/Vans-Classic-Slip-on-Checkerboard-Rumba-Red-White-Skate-Shoes/372859444112?var=641670418024&hash=item56d0279b90:m:mvQC-2Fn7KaeebXBj3h5Szw
"Vans ""Old Skool"" Sneakers (Racing Red/True White) Men's Skateboarding Shoes",60.0,30,127944,99.8,New with box,https://www.ebay.com/itm/Vans-Old-Skool-Sneakers-Racing-Red-True-White-Mens-Skateboarding-Shoes/133203395526?var=432546901545&hash=item1f038a83c6:m:meAFr4aDSPPIKHgXDe_DWWQ
  Vans New Authentic Era Classic Sneakers Unisex Canvas Shoes,49.99,1,335,100.0,New without box,https://www.ebay.com/itm/Vans-New-Authentic-Era-Classic-Sneakers-Unisex-Canvas-Shoes/223789509070?var=522533624071&hash=item341ae4e9ce:g:pn0AAOSwHt9d76ZZ
VANS VAULT OG AUTHENTIC LX CHILI PEPPER RED VN000UDDIAU ,63.99,7,7993,100.0,New with box,https://www.ebay.com/itm/VANS-VAULT-OG-AUTHENTIC-LX-CHILI-PEPPER-RED-VN000UDDIAU/142961403580?var=441932173011&_trkparms=ispr%3D1&hash=item214929e6bc:m:mk6GxtG5kvyukoQ73x2AzRw:sc:FedExHomeDelivery!91709!US!-1&enc=AQAEAAACQBPxNw%2BVj6nta7CKEs3N0qXzD8Sx%2FIELxDdpL6qibffUlaBH63296w8qaqvguvirWCy55Eq%2BqNIYnSRO6BvKB9vj1l3q2HDF26VXuQ7OHtdFi2dLx4Hy5XwLn8%2Bq5tNAXJDz0pb6dpzGlGMBZIen8cIBCVXY1CN4sxCk%2F3tgY%2BphZLHb02Ham58R61giGZsauYXWTbbD7t2JD5zU8uzOlFfBx4pfsDsFJ4zInzXRIXAOfUR5n0SMMpbGS2zGzmm0FEoVwhdvUJEzfoNYjGtesyIctIdIYtdfro9WOSkzcxmPnH8q%2BrtcpTSyaI%2Ftv8XGF4vPpkHBjKm3dRX0Txw8coDX7hjuZ1yfpkRP3CtkEVTpLsh7ixLZLHkM3G1bTvqjpk7Pwqi1M8R8dH0A1zCF3tD%2FDQXi2bRfK%2FQFHzw2aXkx11%2FrANxW0V6XHkIzVvngbZO9VaM%2BboRJ2m7Nq%2BbbxoMmnoRCehRwuuSj0A5OnIWbyinib0CW9eaIZirpHgRG4yAV8QPleF215%2Fg4AQJLvfbYmd054P2iNWTa44Pp3Av6yGvAsomBl7mXO6I4n8vJAOSQhGGNzg9WZ%2FafJ4REdawKF%2FwdvxOAD%2FZJx3Yzyipt0FbL7lu%2FTUHJaVKuVIooRNBzm%2Bl7bmCTJaP46kbsnChCvollSoJX1RrTiVexx7EpbvVYdlOcZdZx8YTw1ZYdFd4MOBo9%2B%2Be9%2FvmkHK3eT9%2F57iJfk7o%2FFOUJbmFItmXH0w4SAUOeNgWYifOKga9GMw%3D%3D&checksum=142961403580f64ee27560de45e1aa3ed70d7e03c21d&enc=AQAEAAACQBPxNw%2BVj6nta7CKEs3N0qXzD8Sx%2FIELxDdpL6qibffUlaBH63296w8qaqvguvirWCy55Eq%2BqNIYnSRO6BvKB9vj1l3q2HDF26VXuQ7OHtdFi2dLx4Hy5XwLn8%2Bq5tNAXJDz0pb6dpzGlGMBZIen8cIBCVXY1CN4sxCk%2F3tgY%2BphZLHb02Ham58R61giGZsauYXWTbbD7t2JD5zU8uzOlFfBx4pfsDsFJ4zInzXRIXAOfUR5n0SMMpbGS2zGzmm0FEoVwhdvUJEzfoNYjGtesyIctIdIYtdfro9WOSkzcxmPnH8q%2BrtcpTSyaI%2Ftv8XGF4vPpkHBjKm3dRX0Txw8coDX7hjuZ1yfpkRP3CtkEVTpLsh7ixLZLHkM3G1bTvqjpk7Pwqi1M8R8dH0A1zCF3tD%2FDQXi2bRfK%2FQFHzw2aXkx11%2FrANxW0V6XHkIzVvngbZO9VaM%2BboRJ2m7Nq%2BbbxoMmnoRCehRwuuSj0A5OnIWbyinib0CW9eaIZirpHgRG4yAV8QPleF215%2Fg4AQJLvfbYmd054P2iNWTa44Pp3Av6yGvAsomBl7mXO6I4n8vJAOSQhGGNzg9WZ%2FafJ4REdawKF%2FwdvxOAD%2FZJx3Yzyipt0FbL7lu%2FTUHJaVKuVIooRNBzm%2Bl7bmCTJaP46kbsnChCvollSoJX1RrTiVexx7EpbvVYdlOcZdZx8YTw1ZYdFd4MOBo9%2B%2Be9%2FvmkHK3eT9%2F57iJfk7o%2FFOUJbmFItmXH0w4SAUOeNgWYifOKga9GMw%3D%3D&checksum=142961403580f64ee27560de45e1aa3ed70d7e03c21d
Vans Unisex Women Men Shoes Authentic Gum Buttom Racing Red Canvas Black,50.0,9,53638,99.9,New with box,https://www.ebay.com/itm/Vans-Unisex-Women-Men-Shoes-Authentic-Gum-Buttom-Racing-Red-Canvas-Black/401865042056?var=671695227360&_trkparms=ispr%3D1&hash=item5d9105e888:m:mTtUS2ye8UaTZ5SunsSaLvQ&enc=AQAEAAACQBPxNw%2BVj6nta7CKEs3N0qVI1YpMJ7nj4nfln3VUlm23jB1UmqE4JYPfRRKfF6QLRenJ6j0kiTIhJ20y1nRPszt3xySt60PBne90zYGFbTS3MrqZ3x3rQAoV95fMeZx0I6BdbJUdlNRUA5hk1h5qWnCCOr8VtnDQHFk3WU7RZOf1USoeO%2BZzA%2FUu5m5fb0gH%2Bm7vprm%2F5P2crOAkOGl3Aleana8at8xid%2BgJeuCypR4OpK%2Bn59p8cFTqHfw6A5xHY%2BkR43rvsvOj7DxQ9%2B%2FBLtF9Qcg9Zg4THSUZyN0e6P7eNrpG7aRjsb9lKdeCj2Ft0%2FXaLWsjS1DWP2eHT%2BRszMp%2BM%2Bs7V6Lh6vjvIcc7iWH%2BNjv5%2F%2Ffk3bfi6%2FM8cpc%2BV68wOGN7IYa2TvQgpvWkEz0V05l6n1F2OZ9yNE%2Fg9bpJmkrI7RQlvzmVA5Wdk6p2D3ucNYXn8tQt3ZA0WcblSttOAMzh0z74wfh7pnPJsXkDcV%2FtXV9mrrC89GyO542zIs8LdKYNaJAPrg22pW6MM0i4cBBVrK5gATxHeoYpHK0F3l71ksfGmlXBzukdERDG29ICDCCPWjwDKr7Nrmhy0uyMDpQrO%2BTvjsXq1u8XKndrmV0UOrLoZccUY8wP%2BNgZkZ9wHHu2%2Fu6qbZMY%2FZnPhp9oTnbU%2Fgsj1UNWqVRFRaZZxjcc2jQht%2BYUlDVq4J8is8hijNOiJCPbN8Vsm8CbtBWrrHBMU5npPuEONiEU%2BMVPd6TXDg1xYK7S1CsGOQiYEg%3D%3D&checksum=401865042056f64ee27560de45e1aa3ed70d7e03c21d&enc=AQAEAAACQBPxNw%2BVj6nta7CKEs3N0qVI1YpMJ7nj4nfln3VUlm23jB1UmqE4JYPfRRKfF6QLRenJ6j0kiTIhJ20y1nRPszt3xySt60PBne90zYGFbTS3MrqZ3x3rQAoV95fMeZx0I6BdbJUdlNRUA5hk1h5qWnCCOr8VtnDQHFk3WU7RZOf1USoeO%2BZzA%2FUu5m5fb0gH%2Bm7vprm%2F5P2crOAkOGl3Aleana8at8xid%2BgJeuCypR4OpK%2Bn59p8cFTqHfw6A5xHY%2BkR43rvsvOj7DxQ9%2B%2FBLtF9Qcg9Zg4THSUZyN0e6P7eNrpG7aRjsb9lKdeCj2Ft0%2FXaLWsjS1DWP2eHT%2BRszMp%2BM%2Bs7V6Lh6vjvIcc7iWH%2BNjv5%2F%2Ffk3bfi6%2FM8cpc%2BV68wOGN7IYa2TvQgpvWkEz0V05l6n1F2OZ9yNE%2Fg9bpJmkrI7RQlvzmVA5Wdk6p2D3ucNYXn8tQt3ZA0WcblSttOAMzh0z74wfh7pnPJsXkDcV%2FtXV9mrrC89GyO542zIs8LdKYNaJAPrg22pW6MM0i4cBBVrK5gATxHeoYpHK0F3l71ksfGmlXBzukdERDG29ICDCCPWjwDKr7Nrmhy0uyMDpQrO%2BTvjsXq1u8XKndrmV0UOrLoZccUY8wP%2BNgZkZ9wHHu2%2Fu6qbZMY%2FZnPhp9oTnbU%2Fgsj1UNWqVRFRaZZxjcc2jQht%2BYUlDVq4J8is8hijNOiJCPbN8Vsm8CbtBWrrHBMU5npPuEONiEU%2BMVPd6TXDg1xYK7S1CsGOQiYEg%3D%3D&checksum=401865042056f64ee27560de45e1aa3ed70d7e03c21d
Vans Berle Pro Rumba Red/Black Low Top Pro Skate Shoes 10.5,75.0,0,280,100.0,Pre-owned,https://www.ebay.com/itm/Vans-Berle-Pro-Rumba-Red-Black-Low-Top-Pro-Skate-Shoes-10-5/202858602236?hash=item2f3b509efc:g:uPsAAOSwpUtd8oUj
Vans Authentic Black Sole Jester Red VN0003Z3HXP Men's Size: 10.5,49.95,11,3576,100.0,New without box,https://www.ebay.com/itm/Vans-Authentic-Black-Sole-Jester-Red-VN0003Z3HXP-Mens-Size-10-5/253360248075?hash=item3afd72950b:g:7RUAAOSw4gVd6t0L
MENS NEW VANS SLIP-ON PRO CHECKERBOARD MINERAL RED. SIZE 11. LIMITED EDITION,42.5,0,3147,100.0,New without box,https://www.ebay.com/itm/MENS-NEW-VANS-SLIP-ON-PRO-CHECKERBOARD-MINERAL-RED-SIZE-11-LIMITED-EDITION/233439538081?hash=item365a14aba1:g:D9sAAOSwX-Nd5oLh
Vans Red Checker Slip-On Shoes - Mens SIze 11,25.0,0,266,100.0,Pre-owned,https://www.ebay.com/itm/Vans-Red-Checker-Slip-On-Shoes-Mens-SIze-11/174130844722?hash=item288b01d432:g:V2sAAOSwtN9d-7Kz
Mens Vans Red High Top Sz 12,29.0,0,72,100.0,Pre-owned,https://www.ebay.com/itm/Mens-Vans-Red-High-Top-Sz-12/324017107713?hash=item4b70ecb301:g:JtIAAOSwIzFd-ttp
Vans Off The Wall Classic (MenÂs Size 10) Athletic Sneaker Shoe Red Old Skool,35.99,0,169,99.4,Pre-owned,https://www.ebay.com/itm/Vans-Off-The-Wall-Classic-Men-s-Size-10-Athletic-Sneaker-Shoe-Red-Old-Skool/333436731171?hash=item4da260bf23:g:084AAOSwDCBd8RDc
Vans New Sk8-Hi Reissue CAP Surf the Web/Racing Red Men Size USA 9 UK 8.5 EUR 42,49.99,0,8195,99.7,New without box,https://www.ebay.com/itm/Vans-New-Sk8-Hi-Reissue-CAP-Surf-the-Web-Racing-Red-Men-Size-USA-9-UK-8-5-EUR-42/163993149056?epid=22035196060&hash=item262ec0de80:g:zIgAAOSwIZJd655m:sc:USPSPriority!91709!US!-1
Vans Old Skool UltraLite Primary Checker Red/White Mens 10.5USED,0.0,0,1,0.0,Pre-owned,https://www.ebay.com/itm/Vans-Old-Skool-UltraLite-Primary-Checker-Red-White-Mens-10-5USED/193261422944?hash=item2cff474960:g:P~4AAOSw8G1d-X35
"Vans ""Sk8-Hi"" Sneakers  RED Men's Canvas High-Top Shoes Size 10",0.0,0,1562,99.6,Pre-owned,https://www.ebay.com/itm/Vans-Sk8-Hi-Sneakers-RED-Mens-Canvas-High-Top-Shoes-Size-10/274140222647?hash=item3fd407d4b7:g:3x8AAOSwfEJd8usT
VANS SNEAKERS MENS 10Â RED BURGUNDY LACE UP,16.0,0,128,100.0,Pre-owned,https://www.ebay.com/itm/VANS-SNEAKERS-MENS-10-RED-BURGUNDY-LACE-UP/283715546537?hash=item420ec3ada9:g:0JYAAOSwGF9dYtcS
Vans Pro OFF THE WALL Sk8 Pro Hi Top Shoes Red Suede Leather Unisex 6.5/8 M,21.0,0,911,100.0,Pre-owned,https://www.ebay.com/itm/Vans-Pro-OFF-THE-WALL-Sk8-Pro-Hi-Top-Shoes-Red-Suede-Leather-Unisex-6-5-8-M/143473745621?epid=1972634742&hash=item2167b39ed5:g:-K0AAOSwLmhd97vL
NEW EVH Red High Top Sneakers Eddie Van Halen Frankenstein Official sizes 3.5-14,65.0,21,1718,100.0,New with box,https://www.ebay.com/itm/NEW-EVH-Red-High-Top-Sneakers-Eddie-Van-Halen-Frankenstein-Official-sizes-3-5-14/223772784216?var=522506646105&hash=item3419e5b658:m:mxCQfqQg30_5Jsjy_Abg2dw
Vans UltraCush Pro Classics Slip On Skateboard Red Shoes Men's Size 7 ,19.99,0,1464,99.7,Pre-owned,https://www.ebay.com/itm/Vans-UltraCush-Pro-Classics-Slip-On-Skateboard-Red-Shoes-Mens-Size-7/223792014963?hash=item341b0b2673:g:qZMAAOSwg8Fd8Zzi
VANS Edgemont Mid Top Black Red Plaid Canvas Skate Sneakers Fashion Men Shoes,44.0,18,53638,99.9,New with box,https://www.ebay.com/itm/VANS-Edgemont-Mid-Top-Black-Red-Plaid-Canvas-Skate-Sneakers-Fashion-Men-Shoes/401707400966?var=671449098283&_trkparms=ispr%3D1&hash=item5d87a07f06:m:mFfYRjxgid9aig8C69Bh9XQ&enc=AQAEAAACQBPxNw%2BVj6nta7CKEs3N0qX5uo8zBGhf%2BjU0n3DtIkaNpQYxpgYFgKpBoxB%2BCrawZmvQH5sm5ngooxX6VxTWcOeN4q9BNsA4HNXjDgH6fUMWnAqWWK4k57Aubba5m8%2BdccyVOzD4JiXosKqIwRLLfBjPYRfyFPyx2iv3LQs3NR0m5UqDZ9tj%2BDFY0TCR751%2FcvtyyT2wSNd5vD4dwVBAqN0VoFIPdwWMIpIeuSQMF%2F22eWZFdi8DSnti8XZrrg5lZsqFvpSqWgKpxve9X8CqaP0vTnS89tDbyGLhpcNvHTFXDNespDcynS8QBBFraTSPi7nmQxiqsMZipQLarn3HaFqyun%2FzvOHEvleSL1M5rVigC3uqBaoHxeCQ0fJi6156GUerrv6vkdqjilfzIEtgVBbeV0lGNk%2BvKr3yRCa%2BzUHzLbYdKkRsQThMdPoUxVKqpCU5u5rc9PD4QBCzgLDe83pYUmCIWY3%2BG1vS0osChe7nS7FfYGDTt20mmwPQh8jv8xDltcm4YBCzVpllGwPSJOHVkEuZc2ccd6N51nb6oWhVfOPp7KFgsiWqTyE9bS3AKnhCkEBfxhc7o6nN1j9iHAGVqVa2csEURltJkXmN3gp2EaCvG2TTt8R8AdSIGf8ct5h%2FFCY8KpWU1ChnNler6Poqh8U07CvzaunYxieSdyz5zCpzYvbYxV4ZEUWe0ohgHYn1%2FuoLs87Zh9zNruOZxegGxlAxiTkNJuKDheqjHd61oDDnTQ7ZW%2BmKIbDuOQ4%2FTg%3D%3D&checksum=401707400966f64ee27560de45e1aa3ed70d7e03c21d&enc=AQAEAAACQBPxNw%2BVj6nta7CKEs3N0qX5uo8zBGhf%2BjU0n3DtIkaNpQYxpgYFgKpBoxB%2BCrawZmvQH5sm5ngooxX6VxTWcOeN4q9BNsA4HNXjDgH6fUMWnAqWWK4k57Aubba5m8%2BdccyVOzD4JiXosKqIwRLLfBjPYRfyFPyx2iv3LQs3NR0m5UqDZ9tj%2BDFY0TCR751%2FcvtyyT2wSNd5vD4dwVBAqN0VoFIPdwWMIpIeuSQMF%2F22eWZFdi8DSnti8XZrrg5lZsqFvpSqWgKpxve9X8CqaP0vTnS89tDbyGLhpcNvHTFXDNespDcynS8QBBFraTSPi7nmQxiqsMZipQLarn3HaFqyun%2FzvOHEvleSL1M5rVigC3uqBaoHxeCQ0fJi6156GUerrv6vkdqjilfzIEtgVBbeV0lGNk%2BvKr3yRCa%2BzUHzLbYdKkRsQThMdPoUxVKqpCU5u5rc9PD4QBCzgLDe83pYUmCIWY3%2BG1vS0osChe7nS7FfYGDTt20mmwPQh8jv8xDltcm4YBCzVpllGwPSJOHVkEuZc2ccd6N51nb6oWhVfOPp7KFgsiWqTyE9bS3AKnhCkEBfxhc7o6nN1j9iHAGVqVa2csEURltJkXmN3gp2EaCvG2TTt8R8AdSIGf8ct5h%2FFCY8KpWU1ChnNler6Poqh8U07CvzaunYxieSdyz5zCpzYvbYxV4ZEUWe0ohgHYn1%2FuoLs87Zh9zNruOZxegGxlAxiTkNJuKDheqjHd61oDDnTQ7ZW%2BmKIbDuOQ4%2FTg%3D%3D&checksum=401707400966f64ee27560de45e1aa3ed70d7e03c21d
Vans Red Plaid Slides Slip On Shoes Mens 9.5 Womens 11,29.0,0,97,100.0,Pre-owned,https://www.ebay.com/itm/Vans-Red-Plaid-Slides-Slip-On-Shoes-Mens-9-5-Womens-11/312893284903?_trkparms=ispr%3D1&hash=item48d9e4a227:g:uPsAAOSwO2td-nLU&enc=AQAEAAACQBPxNw%2BVj6nta7CKEs3N0qXxpTGCz5sRQdhrWTvaiTz4ZT75cgWGHGxuQ2MvENO46IbDAlxTPNjipeBKKxD7tWpUhvgsvWaitIoPwEZ43Z6Aw7u%2BrAfN9YZRynhOtKowR1aGMXqFKSBFceaCVSeUzaT1GC6Ibi%2FxVMA9wUFU9UViwMUSeCs%2F%2BfkjIoJ98WduI5mQBi4lbgewrfzunG82WJsbZJRw7AHIOBSpnU0g3l2ID7gyfZW3B2eH8Ya7U4%2BDl06T6VnM51VN%2BYYPytrFCgkTXKuWGgmtIWu94UEEPh%2FutMWtkbtCsm45U9TR4iLiKeMFZ1LqDn7SNiV5WQ3Kv4ETo9pSLKSyLbKVzPrR8NEiL49HTmsuSl0TXeQn%2BXn%2BnxkPRv%2BAQJb7AXVJ%2B94Vtp2bcJLH0n4cQz9g%2Fdl1%2FHifpB9eKT9Pu5HMazPRwfZv8d%2BDa18En2rvDlFLR1o1lxf%2BGb%2FoDQjwnx2rHN%2BjoyHNU0vxOfXihd4TEiGX88WJq%2BEXx%2FL4g5egdd3CUYVQg2kVOiqVdx7SPJ7LWLgqnsd8tdK3sz6bJInLeBnjCnd%2FA%2BB7HletSySoNnmNuGgd9XGOM%2BjvFp51WD8RjT534GLcm%2Fv0hGZXQAz3K62JwlDl75Xav8SeWXKCHA%2BwOIgtksXtRAG9G0zz43U71f3AY2BwveRx0rjVCfwnXmIil8Hd1YZ0DREyTj20ZiLrXVGd1uyoY8ZPcnJhyY6JjS0Z8sy02jiXCvkss4ca6VxWTsBEVg%3D%3D&checksum=312893284903f64ee27560de45e1aa3ed70d7e03c21d&enc=AQAEAAACQBPxNw%2BVj6nta7CKEs3N0qXxpTGCz5sRQdhrWTvaiTz4ZT75cgWGHGxuQ2MvENO46IbDAlxTPNjipeBKKxD7tWpUhvgsvWaitIoPwEZ43Z6Aw7u%2BrAfN9YZRynhOtKowR1aGMXqFKSBFceaCVSeUzaT1GC6Ibi%2FxVMA9wUFU9UViwMUSeCs%2F%2BfkjIoJ98WduI5mQBi4lbgewrfzunG82WJsbZJRw7AHIOBSpnU0g3l2ID7gyfZW3B2eH8Ya7U4%2BDl06T6VnM51VN%2BYYPytrFCgkTXKuWGgmtIWu94UEEPh%2FutMWtkbtCsm45U9TR4iLiKeMFZ1LqDn7SNiV5WQ3Kv4ETo9pSLKSyLbKVzPrR8NEiL49HTmsuSl0TXeQn%2BXn%2BnxkPRv%2BAQJb7AXVJ%2B94Vtp2bcJLH0n4cQz9g%2Fdl1%2FHifpB9eKT9Pu5HMazPRwfZv8d%2BDa18En2rvDlFLR1o1lxf%2BGb%2FoDQjwnx2rHN%2BjoyHNU0vxOfXihd4TEiGX88WJq%2BEXx%2FL4g5egdd3CUYVQg2kVOiqVdx7SPJ7LWLgqnsd8tdK3sz6bJInLeBnjCnd%2FA%2BB7HletSySoNnmNuGgd9XGOM%2BjvFp51WD8RjT534GLcm%2Fv0hGZXQAz3K62JwlDl75Xav8SeWXKCHA%2BwOIgtksXtRAG9G0zz43U71f3AY2BwveRx0rjVCfwnXmIil8Hd1YZ0DREyTj20ZiLrXVGd1uyoY8ZPcnJhyY6JjS0Z8sy02jiXCvkss4ca6VxWTsBEVg%3D%3D&checksum=312893284903f64ee27560de45e1aa3ed70d7e03c21d
Vans Mid Top Plaid Mens Size 10 Tan Red Green,17.99,0,415,99.8,Pre-owned,https://www.ebay.com/itm/Vans-Mid-Top-Plaid-Mens-Size-10-Tan-Red-Green/312857068225?hash=item48d7bc02c1:g:Sh8AAOSwqQpd2EGZ
Vans Saddle Sid Pro Marshmallow/Racing Red NEW size 10,50.0,0,6,0.0,New with box,https://www.ebay.com/itm/Vans-Saddle-Sid-Pro-Marshmallow-Racing-Red-NEW-size-10/233438336368?hash=item365a025570:g:NUwAAOSwEFhd9p6o
"Pair of Vans ""Off The Wall"" Red Skateboard Shoes Mens Size 10 1/2 500714 w/ Hat",0.0,0,237658,99.4,Pre-owned,https://www.ebay.com/itm/Pair-of-Vans-Off-The-Wall-Red-Skateboard-Shoes-Mens-Size-10-1-2-500714-w-Hat/401998084907?hash=item5d98f3fb2b:g:R6gAAOSwqUld9VAq
Red Vans Preowned Era Classic Sneakers Unisex Canvas Shoes Size Mens 5.5 Women ,15.0,0,43,100.0,Pre-owned,https://www.ebay.com/itm/Red-Vans-Preowned-Era-Classic-Sneakers-Unisex-Canvas-Shoes-Size-Mens-5-5-Women/362842849473?hash=item547b1e80c1:g:OIwAAOSwCgld7Der
Vans Checkerboard Slip On - Red Size 11.5,0.0,0,34,100.0,Pre-owned,https://www.ebay.com/itm/Vans-Checkerboard-Slip-On-Red-Size-11-5/223800641412?hash=item341b8ec784:g:F~QAAOSwmjZd-b-i
New! Vans Checker Board Rumba Red Slides Mens Size 9,24.99,1,221,100.0,New with box,https://www.ebay.com/itm/New-Vans-Checker-Board-Rumba-Red-Slides-Mens-Size-9/274100429628?epid=24030834359&hash=item3fd1a8a33c:g:Ig0AAOSwTNBd0QFa
Vans Authentic Mens Womens Unisex Canvas Casual Skate Shoes OTW Repeat Red,36.54,5,2228,100.0,New with box,https://www.ebay.com/itm/Vans-Authentic-Mens-Womens-Unisex-Canvas-Casual-Skate-Shoes-OTW-Repeat-Red/193058823827?var=493249561874&hash=item2cf333de93:m:mrb8OUyyJ0VmDs1RUmiKiHQ
Vans UltraRange Rapidweld Chili Pepper Red Outdoor Shoes Mens Size 8,25.0,0,200,100.0,Pre-owned,https://www.ebay.com/itm/Vans-UltraRange-Rapidweld-Chili-Pepper-Red-Outdoor-Shoes-Mens-Size-8/114018052057?hash=item1a8c0167d9:g:FmsAAOSw-LJd93y0
Vans Authentic Unisex Casual Skate Shoes Sneakers Rumba Red Men 8.5 Women 10,29.69,0,2228,100.0,New with box,https://www.ebay.com/itm/Vans-Authentic-Unisex-Casual-Skate-Shoes-Sneakers-Rumba-Red-Men-8-5-Women-10/202827565088?var=502997566772&hash=item2f39770820:m:mADzzH9Mb2-irRahpW23GNQ
Vans Supreme 666 Checkerboard Slip-on Pro Size 9.5 Checker Box Logo Black Red,75.0,0,33,100.0,Pre-owned,https://www.ebay.com/itm/Vans-Supreme-666-Checkerboard-Slip-on-Pro-Size-9-5-Checker-Box-Logo-Black-Red/223802000151?hash=item341ba38317:g:7~kAAOSwzNFd-pLE
